grid,segment,order,angle_deg,cross_mm,truth_mm,measured_mm,error_mm,error_rel,n_points,resolved
acquired,0,7,0.0000,1.0124,10.0000,9.7520,-0.2480,-0.0248,5,1
acquired,5,2,35.0000,1.0374,1.3169,1.5290,0.2121,0.1611,7,0
acquired,6,1,70.0000,1.0784,0.8779,1.1990,0.3211,0.3657,4,0
acquired,8,2,73.7299,1.2289,1.3169,1.1990,-0.1179,-0.0895,6,0
acquired,16,4,0.0000,1.0124,2.9630,2.9260,-0.0370,-0.0125,2,1
acquired,17,3,35.0000,1.0374,1.9753,2.3570,0.3817,0.1932,1,1
acquired,19,3,35.0000,1.0374,1.9753,1.9980,0.0227,0.0115,1,1
acquired,20,2,0.0000,1.0124,1.3169,1.6560,0.3391,0.2575,4,0
acquired,23,2,70.0000,1.0784,1.3169,1.5290,0.2121,0.1611,6,0
acquired,26,3,35.0000,1.0374,1.9753,1.9980,0.0227,0.0115,2,1
acquired,28,3,35.0000,1.0374,1.9753,2.1860,0.2107,0.1067,1,1
acquired,29,2,70.0000,1.0784,1.3169,1.5290,0.2121,0.1611,6,0
acquired,32,2,0.0000,1.0124,1.3169,1.9980,0.6811,0.5172,6,0
acquired,35,4,70.0000,1.0784,2.9630,2.7970,-0.1660,-0.0560,2,1
acquired,39,4,70.0000,1.0784,2.9630,2.9260,-0.0370,-0.0125,2,1
acquired,40,3,75.0000,1.0820,1.9753,1.9980,0.0227,0.0115,1,1
acquired,42,3,75.0000,1.0820,1.9753,1.9980,0.0227,0.0115,1,1
acquired,43,2,70.0000,1.0784,1.3169,1.3640,0.0471,0.0358,6,0
acquired,46,2,40.0000,1.0438,1.3169,1.5290,0.2121,0.1611,5,0
acquired,49,3,35.0000,1.0374,1.9753,1.9980,0.0227,0.0115,1,1
acquired,51,3,35.0000,1.0374,1.9753,1.9980,0.0227,0.0115,1,1
acquired,52,2,0.0000,1.0124,1.3169,1.3640,0.0471,0.0358,6,0
acquired,54,1,35.0000,1.0970,0.8779,1.1990,0.3211,0.3657,2,0
acquired,55,2,70.0000,1.0784,1.3169,1.1990,-0.1179,-0.0895,6,0
acquired,58,7,0.0000,1.0124,10.0000,9.7520,-0.2480,-0.0248,5,1
acquired,59,6,35.0000,1.0970,6.6667,6.5370,-0.1297,-0.0194,3,1
acquired,63,1,63.2400,1.0841,0.8779,1.1990,0.3211,0.3657,2,0
acquired,67,3,35.0000,1.0970,1.9753,2.1860,0.2107,0.1067,1,1
acquired,68,2,47.8549,1.0937,1.3169,1.5290,0.2121,0.1611,4,0
acquired,71,2,47.8549,1.0937,1.3169,1.1990,-0.1179,-0.0895,4,0
acquired,74,3,73.7299,1.0880,1.9753,2.0920,0.1167,0.0591,2,1
acquired,75,1,84.2901,1.1547,0.8779,1.9980,1.1201,1.2758,1,0
acquired,76,3,73.7299,1.0880,1.9753,1.9980,0.0227,0.0115,1,1
acquired,77,2,77.7597,1.0875,1.3169,1.1990,-0.1179,-0.0895,6,0
acquired,79,1,59.8239,1.0902,0.8779,1.1990,0.3211,0.3657,3,0
acquired,80,2,47.8549,1.0937,1.3169,1.3640,0.0471,0.0358,4,0
acquired,83,6,35.0000,1.0970,6.6667,6.2710,-0.3957,-0.0593,3,1
acquired,84,5,0.0000,1.0124,4.4444,4.4740,0.0296,0.0067,2,1
acquired,88,2,0.0000,1.0124,1.3169,1.1990,-0.1179,-0.0895,3,0
acquired,91,2,70.0000,1.0784,1.3169,1.1990,-0.1179,-0.0895,6,0
acquired,94,5,0.0000,1.0124,4.4444,4.3950,-0.0494,-0.0111,2,1
acquired,95,4,35.0000,1.0970,2.9630,2.7970,-0.1660,-0.0560,2,1
acquired,97,1,28.5202,1.0312,0.8779,1.1990,0.3211,0.3657,2,0
acquired,99,4,35.0000,1.0970,2.9630,2.9875,0.0245,0.0083,2,1
acquired,100,3,0.0000,1.0124,1.9753,2.1860,0.2107,0.1067,1,1
acquired,102,3,0.0000,1.0124,1.9753,2.1860,0.2107,0.1067,2,1
acquired,103,2,35.0000,1.0970,1.3169,1.1990,-0.1179,-0.0895,5,0
acquired,106,2,35.0000,1.0970,1.3169,1.1990,-0.1179,-0.0895,6,0
acquired,109,3,70.0000,1.2264,1.9753,1.8575,-0.1178,-0.0596,2,1
acquired,111,3,70.0000,1.2264,1.9753,2.0920,0.1167,0.0591,2,1
acquired,112,2,75.0000,1.2375,1.3169,1.3640,0.0471,0.0358,4,0
acquired,115,2,35.0000,1.0970,1.3169,1.1990,-0.1179,-0.0895,3,0
acquired,118,4,35.0000,1.0970,2.9630,2.8615,-0.1015,-0.0342,2,1
acquired,119,2,47.8549,1.0937,1.3169,1.8575,0.5406,0.4105,2,0
acquired,121,1,28.5202,1.0312,0.8779,1.1990,0.3211,0.3657,2,0
acquired,122,4,35.0000,1.0970,2.9630,3.0490,0.0860,0.0290,3,1
acquired,123,3,70.0000,1.2264,1.9753,1.9980,0.0227,0.0115,2,1
acquired,125,3,70.0000,1.2264,1.9753,1.9980,0.0227,0.0115,1,1
acquired,126,2,35.0000,1.0970,1.3169,1.1990,-0.1179,-0.0895,3,0
acquired,132,3,0.0000,1.0124,1.9753,1.9980,0.0227,0.0115,1,1
acquired,134,3,0.0000,1.0124,1.9753,2.1860,0.2107,0.1067,1,1
acquired,135,2,35.0000,1.0970,1.3169,1.1990,-0.1179,-0.0895,4,0
acquired,138,2,35.0000,1.0970,1.3169,1.3640,0.0471,0.0358,4,0
acquired,141,5,70.0000,1.2264,4.4444,3.9730,-0.4714,-0.1061,2,1
acquired,145,2,70.0000,1.2264,1.3169,1.1990,-0.1179,-0.0895,7,0
acquired,148,2,83.2823,1.1041,1.3169,1.1990,-0.1179,-0.0895,6,0
acquired,149,1,50.5942,1.0583,0.8779,1.1990,0.3211,0.3657,1,0
acquired,151,5,70.0000,1.2264,4.4444,4.3545,-0.0899,-0.0202,2,1
acquired,152,4,75.0000,1.2375,2.9630,2.8615,-0.1015,-0.0342,2,1
acquired,156,4,75.0000,1.2375,2.9630,2.9260,-0.0370,-0.0125,2,1
acquired,157,3,70.0000,1.2264,1.9753,2.1860,0.2107,0.1067,1,1
acquired,159,3,70.0000,1.2264,1.9753,1.8575,-0.1178,-0.0596,2,1
acquired,160,2,75.0000,1.2375,1.3169,1.1990,-0.1179,-0.0895,5,0
acquired,163,2,35.0000,1.0970,1.3169,1.1990,-0.1179,-0.0895,4,0
acquired,166,3,40.0000,1.1176,1.9753,2.1860,0.2107,0.1067,1,1
acquired,168,3,40.0000,1.1176,1.9753,2.1860,0.2107,0.1067,1,1
acquired,169,2,5.0000,1.0144,1.3169,1.5290,0.2121,0.1611,6,0
acquired,171,1,35.3102,1.0388,0.8779,1.1990,0.3211,0.3657,2,0
acquired,172,2,75.0000,1.2375,1.3169,1.1990,-0.1179,-0.0895,6,0
acquired,173,1,77.7597,1.1900,0.8779,1.1990,0.3211,0.3657,1,0
acquired,175,4,35.0000,1.0970,2.9630,2.8615,-0.1015,-0.0342,2,1
acquired,177,1,28.5202,1.0312,0.8779,1.1990,0.3211,0.3657,4,0
acquired,179,4,35.0000,1.0970,2.9630,2.7970,-0.1660,-0.0560,1,1
acquired,180,3,0.0000,1.0124,1.9753,2.1860,0.2107,0.1067,1,1
acquired,182,3,0.0000,1.0124,1.9753,2.0920,0.1167,0.0591,2,1
acquired,183,2,35.0000,1.0970,1.3169,1.5290,0.2121,0.1611,5,0
acquired,185,1,47.8549,1.0937,0.8779,1.1990,0.3211,0.3657,1,0
acquired,186,2,35.0000,1.0970,1.3169,1.1990,-0.1179,-0.0895,3,0
acquired,188,1,47.8549,1.0937,0.8779,1.1990,0.3211,0.3657,1,0
acquired,189,3,70.0000,1.2264,1.9753,2.3570,0.3817,0.1932,1,1
acquired,191,3,70.0000,1.2264,1.9753,1.6560,-0.3193,-0.1616,2,1
acquired,192,2,75.0000,1.2375,1.3169,1.1990,-0.1179,-0.0895,6,0
acquired,195,2,35.0000,1.0970,1.3169,1.1990,-0.1179,-0.0895,5,0
acquired,198,6,35.0000,1.0970,6.6667,6.6400,-0.0267,-0.0040,3,1
acquired,206,3,35.0000,1.0970,1.9753,1.9980,0.0227,0.0115,1,1
acquired,207,2,47.8549,1.0937,1.3169,1.1990,-0.1179,-0.0895,5,0
acquired,210,2,47.8549,1.0937,1.3169,1.1990,-0.1179,-0.0895,5,0
acquired,212,1,28.5202,1.0312,0.8779,1.1990,0.3211,0.3657,2,0
acquired,213,3,73.7299,1.0880,1.9753,1.9980,0.0227,0.0115,1,1
acquired,215,3,73.7299,1.0880,1.9753,1.9980,0.0227,0.0115,2,1
acquired,216,2,77.7597,1.0875,1.3169,1.1990,-0.1179,-0.0895,6,0
acquired,217,1,59.8239,1.0902,0.8779,1.1990,0.3211,0.3657,1,0
acquired,219,2,47.8549,1.0937,1.3169,1.5290,0.2121,0.1611,5,0
acquired,222,6,35.0000,1.0970,6.6667,6.2710,-0.3957,-0.0593,3,1
acquired,223,5,70.0000,1.2264,4.4444,4.3950,-0.0494,-0.0111,2,1
acquired,227,2,70.0000,1.2264,1.3169,1.5985,0.2816,0.2139,8,0
acquired,230,2,83.2823,1.1041,1.3169,1.1990,-0.1179,-0.0895,6,0
acquired,232,1,50.5942,1.0583,0.8779,1.1990,0.3211,0.3657,3,0
acquired,233,5,70.0000,1.2264,4.4444,4.3140,-0.1304,-0.0293,3,1
acquired,234,4,35.0000,1.0970,2.9630,2.7970,-0.1660,-0.0560,2,1
acquired,237,1,28.5202,1.0312,0.8779,1.1990,0.3211,0.3657,2,0
acquired,238,4,35.0000,1.0970,2.9630,2.9260,-0.0370,-0.0125,1,1
acquired,239,3,70.0000,1.2264,1.9753,2.1860,0.2107,0.1067,1,1
acquired,241,3,70.0000,1.2264,1.9753,1.9980,0.0227,0.0115,1,1
acquired,242,2,35.0000,1.0970,1.3169,1.1990,-0.1179,-0.0895,5,0
acquired,245,2,75.0000,1.2375,1.3169,1.1990,-0.1179,-0.0895,6,0
acquired,248,3,0.0000,1.0124,1.9753,2.0920,0.1167,0.0591,2,1
acquired,250,3,0.0000,1.0124,1.9753,2.0920,0.1167,0.0591,2,1
acquired,251,2,35.0000,1.0970,1.3169,1.3640,0.0471,0.0358,4,0
acquired,254,2,35.0000,1.0970,1.3169,1.3640,0.0471,0.0358,6,0
acquired,255,1,47.8549,1.0937,0.8779,1.1990,0.3211,0.3657,3,0
acquired,257,4,75.0000,1.2375,2.9630,2.7970,-0.1660,-0.0560,2,1
acquired,261,4,75.0000,1.2375,2.9630,2.9260,-0.0370,-0.0125,4,1
acquired,262,3,40.0000,1.1176,1.9753,1.9980,0.0227,0.0115,1,1
acquired,264,3,40.0000,1.1176,1.9753,2.1860,0.2107,0.1067,1,1
acquired,265,2,75.0000,1.2375,1.3169,1.1990,-0.1179,-0.0895,7,0
acquired,268,2,5.0000,1.0144,1.3169,1.1990,-0.1179,-0.0895,5,0
acquired,269,1,35.3102,1.0388,0.8779,1.1990,0.3211,0.3657,2,0
acquired,271,3,70.0000,1.2264,1.9753,2.1860,0.2107,0.1067,1,1
acquired,273,3,70.0000,1.2264,1.9753,1.5290,-0.4463,-0.2259,1,1
acquired,274,2,35.0000,1.0970,1.3169,1.1990,-0.1179,-0.0895,4,0
acquired,280,5,0.0000,1.0124,4.4444,4.4345,-0.0099,-0.0022,2,1
acquired,284,2,0.0000,1.0124,1.3169,1.1990,-0.1179,-0.0895,3,0
acquired,287,2,70.0000,1.0784,1.3169,1.1990,-0.1179,-0.0895,6,0
acquired,290,5,0.0000,1.0124,4.4444,4.3950,-0.0494,-0.0111,2,1
acquired,291,4,35.0000,1.0970,2.9630,2.8615,-0.1015,-0.0342,2,1
acquired,293,1,28.5202,1.0312,0.8779,1.1990,0.3211,0.3657,1,0
acquired,295,4,35.0000,1.0970,2.9630,3.1670,0.2040,0.0689,1,1
acquired,296,3,0.0000,1.0124,1.9753,2.1860,0.2107,0.1067,1,1
acquired,298,3,0.0000,1.0124,1.9753,1.9980,0.0227,0.0115,4,1
acquired,299,2,35.0000,1.0970,1.3169,1.3640,0.0471,0.0358,4,0
acquired,301,1,47.8549,1.0937,0.8779,1.1990,0.3211,0.3657,2,0
acquired,302,2,35.0000,1.0970,1.3169,1.1990,-0.1179,-0.0895,5,0
acquired,303,1,47.8549,1.0937,0.8779,1.1990,0.3211,0.3657,3,0
acquired,305,3,70.0000,1.2264,1.9753,1.9980,0.0227,0.0115,1,1
acquired,307,3,70.0000,1.2264,1.9753,1.9980,0.0227,0.0115,2,1
acquired,308,2,75.0000,1.2375,1.3169,2.1860,0.8691,0.6600,1,0
acquired,311,2,35.0000,1.0970,1.3169,1.1990,-0.1179,-0.0895,1,0
acquired,314,4,35.0000,1.0970,2.9630,3.0385,0.0755,0.0255,2,1
acquired,315,2,47.8549,1.0937,1.3169,1.9980,0.6811,0.5172,1,0
acquired,317,1,28.5202,1.0312,0.8779,1.1990,0.3211,0.3657,2,0
acquired,318,4,35.0000,1.0970,2.9630,2.9260,-0.0370,-0.0125,4,1
acquired,319,3,70.0000,1.2264,1.9753,2.1860,0.2107,0.1067,1,1
acquired,321,3,70.0000,1.2264,1.9753,2.1860,0.2107,0.1067,1,1
acquired,322,2,35.0000,1.0970,1.3169,1.1990,-0.1179,-0.0895,2,0
acquired,324,1,47.8549,1.0937,0.8779,1.1990,0.3211,0.3657,2,0
acquired,325,2,75.0000,1.2375,1.3169,1.1990,-0.1179,-0.0895,2,0
acquired,328,3,0.0000,1.0124,1.9753,1.9980,0.0227,0.0115,1,1
acquired,330,3,0.0000,1.0124,1.9753,1.9980,0.0227,0.0115,2,1
acquired,331,2,35.0000,1.0970,1.3169,1.1990,-0.1179,-0.0895,4,0
acquired,334,2,35.0000,1.0970,1.3169,1.1990,-0.1179,-0.0895,4,0
control,0,7,0.0000,0.7990,10.0000,9.5440,-0.4560,-0.0456,5,1
control,5,2,35.0000,0.7990,1.3169,1.5290,0.2121,0.1611,7,0
control,6,1,70.0000,0.7990,0.8779,1.1990,0.3211,0.3657,2,0
control,7,1,0.0000,0.7990,0.8779,1.1990,0.3211,0.3657,1,0
control,8,2,73.7299,0.7990,1.3169,1.5290,0.2121,0.1611,5,0
control,10,1,56.0486,0.7990,0.8779,1.1990,0.3211,0.3657,2,0
control,14,1,47.8549,0.7990,0.8779,1.1990,0.3211,0.3657,1,0
control,16,4,0.0000,0.7990,2.9630,2.7970,-0.1660,-0.0560,2,1
control,17,3,35.0000,0.7990,1.9753,2.1860,0.2107,0.1067,1,1
control,19,3,35.0000,0.7990,1.9753,2.1860,0.2107,0.1067,1,1
control,20,2,0.0000,0.7990,1.3169,1.1990,-0.1179,-0.0895,5,0
control,21,1,35.0000,0.7990,0.8779,1.1990,0.3211,0.3657,2,0
control,22,1,35.0000,0.7990,0.8779,1.1990,0.3211,0.3657,3,0
control,23,2,70.0000,0.7990,1.3169,1.5290,0.2121,0.1611,5,0
control,24,1,73.7299,0.7990,0.8779,1.1990,0.3211,0.3657,1,0
control,25,1,73.7299,0.7990,0.8779,1.1990,0.3211,0.3657,3,0
control,26,3,35.0000,0.7990,1.9753,1.9980,0.0227,0.0115,1,1
control,28,3,35.0000,0.7990,1.9753,2.1860,0.2107,0.1067,1,1
control,29,2,70.0000,0.7990,1.3169,1.1990,-0.1179,-0.0895,5,0
control,30,1,73.7299,0.7990,0.8779,1.1990,0.3211,0.3657,3,0
control,31,1,73.7299,0.7990,0.8779,1.1990,0.3211,0.3657,4,0
control,32,2,0.0000,0.7990,1.3169,1.1990,-0.1179,-0.0895,4,0
control,33,1,35.0000,0.7990,0.8779,1.1990,0.3211,0.3657,3,0
control,34,1,35.0000,0.7990,0.8779,1.1990,0.3211,0.3657,3,0
control,35,4,70.0000,0.7990,2.9630,2.9260,-0.0370,-0.0125,2,1
control,38,1,39.7820,0.7990,0.8779,1.1990,0.3211,0.3657,3,0
control,39,4,70.0000,0.7990,2.9630,3.2800,0.3170,0.1070,1,1
control,40,3,75.0000,0.7990,1.9753,1.9980,0.0227,0.0115,2,1
control,41,1,77.7597,0.7990,0.8779,1.9980,1.1201,1.2758,1,0
control,42,3,75.0000,0.7990,1.9753,2.1860,0.2107,0.1067,1,1
control,43,2,70.0000,0.7990,1.3169,1.5290,0.2121,0.1611,6,0
control,44,1,73.7299,0.7990,0.8779,1.1990,0.3211,0.3657,1,0
control,45,1,73.7299,0.7990,0.8779,1.1990,0.3211,0.3657,2,0
control,46,2,40.0000,0.7990,1.3169,1.5290,0.2121,0.1611,5,0
control,48,1,51.1336,0.7990,0.8779,1.1990,0.3211,0.3657,3,0
control,49,3,35.0000,0.7990,1.9753,2.4225,0.4472,0.2264,2,1
control,51,3,35.0000,0.7990,1.9753,2.1860,0.2107,0.1067,2,1
control,52,2,0.0000,0.7990,1.3169,1.5290,0.2121,0.1611,5,0
control,53,1,35.0000,0.7990,0.8779,1.1990,0.3211,0.3657,3,0
control,54,1,35.0000,0.7990,0.8779,1.1990,0.3211,0.3657,2,0
control,55,2,70.0000,0.7990,1.3169,1.5290,0.2121,0.1611,6,0
control,57,1,73.7299,0.7990,0.8779,1.1990,0.3211,0.3657,3,0
control,58,7,0.0000,0.7990,10.0000,9.5440,-0.4560,-0.0456,5,1
control,59,6,35.0000,0.7990,6.6667,6.6910,0.0243,0.0037,3,1
control,62,1,8.4126,0.7990,0.8779,1.1990,0.3211,0.3657,4,0
control,63,1,63.2400,0.7990,0.8779,1.1990,0.3211,0.3657,3,0
control,67,3,35.0000,0.7990,1.9753,2.1860,0.2107,0.1067,1,1
control,68,2,47.8549,0.7990,1.3169,1.5290,0.2121,0.1611,4,0
control,71,2,47.8549,0.7990,1.3169,1.5290,0.2121,0.1611,4,0
control,72,1,28.5202,0.7990,0.8779,1.1990,0.3211,0.3657,1,0
control,73,1,77.2517,0.7990,0.8779,1.1990,0.3211,0.3657,3,0
control,74,3,73.7299,0.7990,1.9753,1.9980,0.0227,0.0115,1,1
control,76,3,73.7299,0.7990,1.9753,2.1860,0.2107,0.1067,1,1
control,77,2,77.7597,0.7990,1.3169,1.5290,0.2121,0.1611,6,0
control,79,1,59.8239,0.7990,0.8779,1.1990,0.3211,0.3657,5,0
control,80,2,47.8549,0.7990,1.3169,1.5290,0.2121,0.1611,4,0
control,83,6,35.0000,0.7990,6.6667,6.6400,-0.0267,-0.0040,3,1
control,84,5,0.0000,0.7990,4.4444,4.4740,0.0296,0.0067,3,1
control,88,2,0.0000,0.7990,1.3169,1.5290,0.2121,0.1611,7,0
control,89,1,35.0000,0.7990,0.8779,1.1990,0.3211,0.3657,1,0
control,90,1,35.0000,0.7990,0.8779,1.1990,0.3211,0.3657,6,0
control,91,2,70.0000,0.7990,1.3169,1.1990,-0.1179,-0.0895,6,0
control,93,1,73.7299,0.7990,0.8779,1.1990,0.3211,0.3657,4,0
control,94,5,0.0000,0.7990,4.4444,3.9730,-0.4714,-0.1061,5,1
control,95,4,35.0000,0.7990,2.9630,2.9875,0.0245,0.0083,2,1
control,98,1,77.2517,0.7990,0.8779,1.1990,0.3211,0.3657,2,0
control,99,4,35.0000,0.7990,2.9630,3.1080,0.1450,0.0490,2,1
control,100,3,0.0000,0.7990,1.9753,1.9980,0.0227,0.0115,2,1
control,101,1,35.0000,0.7990,0.8779,1.9980,1.1201,1.2758,1,0
control,102,3,0.0000,0.7990,1.9753,2.1860,0.2107,0.1067,1,1
control,103,2,35.0000,0.7990,1.3169,1.1990,-0.1179,-0.0895,5,0
control,104,1,47.8549,0.7990,0.8779,1.1990,0.3211,0.3657,2,0
control,105,1,47.8549,0.7990,0.8779,1.1990,0.3211,0.3657,2,0
control,106,2,35.0000,0.7990,1.3169,1.5290,0.2121,0.1611,5,0
control,107,1,47.8549,0.7990,0.8779,1.1990,0.3211,0.3657,2,0
control,108,1,47.8549,0.7990,0.8779,1.1990,0.3211,0.3657,2,0
control,109,3,70.0000,0.7990,1.9753,2.1860,0.2107,0.1067,1,1
control,111,3,70.0000,0.7990,1.9753,1.9980,0.0227,0.0115,1,1
control,112,2,75.0000,0.7990,1.3169,1.5290,0.2121,0.1611,2,0
control,114,1,77.7597,0.7990,0.8779,1.1990,0.3211,0.3657,1,0
control,115,2,35.0000,0.7990,1.3169,1.5290,0.2121,0.1611,1,0
control,116,1,47.8549,0.7990,0.8779,1.1990,0.3211,0.3657,1,0
control,118,4,35.0000,0.7990,2.9630,2.9260,-0.0370,-0.0125,2,1
control,120,1,77.2517,0.7990,0.8779,1.1990,0.3211,0.3657,4,0
control,121,1,28.5202,0.7990,0.8779,1.1990,0.3211,0.3657,2,0
control,122,4,35.0000,0.7990,2.9630,3.1080,0.1450,0.0490,2,1
control,123,3,70.0000,0.7990,1.9753,1.9980,0.0227,0.0115,1,1
control,125,3,70.0000,0.7990,1.9753,1.9980,0.0227,0.0115,1,1
control,126,2,35.0000,0.7990,1.3169,1.1990,-0.1179,-0.0895,4,0
control,128,1,47.8549,0.7990,0.8779,1.1990,0.3211,0.3657,1,0
control,129,2,75.0000,0.7990,1.3169,2.3570,1.0401,0.7898,1,0
control,132,3,0.0000,0.7990,1.9753,1.9980,0.0227,0.0115,1,1
control,134,3,0.0000,0.7990,1.9753,1.9980,0.0227,0.0115,3,1
control,135,2,35.0000,0.7990,1.3169,1.5290,0.2121,0.1611,4,0
control,136,1,47.8549,0.7990,0.8779,1.1990,0.3211,0.3657,2,0
control,137,1,47.8549,0.7990,0.8779,1.1990,0.3211,0.3657,2,0
control,138,2,35.0000,0.7990,1.3169,1.1990,-0.1179,-0.0895,4,0
control,139,1,47.8549,0.7990,0.8779,1.1990,0.3211,0.3657,2,0
control,140,1,47.8549,0.7990,0.8779,1.1990,0.3211,0.3657,2,0
control,141,5,70.0000,0.7990,4.4444,4.4345,-0.0099,-0.0022,2,1
control,145,2,70.0000,0.7990,1.3169,1.5290,0.2121,0.1611,8,0
control,146,1,35.0000,0.7990,0.8779,1.1990,0.3211,0.3657,3,0
control,147,1,75.0000,0.7990,0.8779,1.1990,0.3211,0.3657,4,0
control,148,2,83.2823,0.7990,1.3169,1.3640,0.0471,0.0358,6,0
control,149,1,50.5942,0.7990,0.8779,1.1990,0.3211,0.3657,3,0
control,150,1,63.6941,0.7990,0.8779,1.1990,0.3211,0.3657,3,0
control,151,5,70.0000,0.7990,4.4444,4.3940,-0.0504,-0.0113,2,1
control,152,4,75.0000,0.7990,2.9630,2.9260,-0.0370,-0.0125,1,1
control,154,1,67.6439,0.7990,0.8779,1.1990,0.3211,0.3657,4,0
control,156,4,75.0000,0.7990,2.9630,2.7925,-0.1705,-0.0575,2,1
control,157,3,70.0000,0.7990,1.9753,2.0920,0.1167,0.0591,2,1
control,159,3,70.0000,0.7990,1.9753,2.1860,0.2107,0.1067,2,1
control,160,2,75.0000,0.7990,1.3169,1.1990,-0.1179,-0.0895,5,0
control,161,1,77.7597,0.7990,0.8779,1.1990,0.3211,0.3657,3,0
control,162,1,77.7597,0.7990,0.8779,1.1990,0.3211,0.3657,3,0
control,163,2,35.0000,0.7990,1.3169,1.1990,-0.1179,-0.0895,5,0
control,164,1,47.8549,0.7990,0.8779,1.1990,0.3211,0.3657,3,0
control,165,1,47.8549,0.7990,0.8779,1.1990,0.3211,0.3657,3,0
control,166,3,40.0000,0.7990,1.9753,1.9980,0.0227,0.0115,1,1
control,168,3,40.0000,0.7990,1.9753,2.1860,0.2107,0.1067,1,1
control,169,2,5.0000,0.7990,1.3169,1.1990,-0.1179,-0.0895,6,0
control,170,1,35.3102,0.7990,0.8779,1.1990,0.3211,0.3657,2,0
control,171,1,35.3102,0.7990,0.8779,1.1990,0.3211,0.3657,3,0
control,172,2,75.0000,0.7990,1.3169,1.1990,-0.1179,-0.0895,5,0
control,174,1,77.7597,0.7990,0.8779,1.1990,0.3211,0.3657,2,0
control,175,4,35.0000,0.7990,2.9630,3.1645,0.2015,0.0680,2,1
control,179,4,35.0000,0.7990,2.9630,3.1670,0.2040,0.0689,2,1
control,180,3,0.0000,0.7990,1.9753,1.9980,0.0227,0.0115,1,1
control,182,3,0.0000,0.7990,1.9753,2.0920,0.1167,0.0591,2,1
control,183,2,35.0000,0.7990,1.3169,1.1990,-0.1179,-0.0895,1,0
control,184,1,47.8549,0.7990,0.8779,1.1990,0.3211,0.3657,2,0
control,185,1,47.8549,0.7990,0.8779,1.1990,0.3211,0.3657,2,0
control,188,1,47.8549,0.7990,0.8779,1.1990,0.3211,0.3657,1,0
control,189,3,70.0000,0.7990,1.9753,2.0920,0.1167,0.0591,2,1
control,191,3,70.0000,0.7990,1.9753,2.1860,0.2107,0.1067,1,1
control,192,2,75.0000,0.7990,1.3169,1.5290,0.2121,0.1611,5,0
control,193,1,77.7597,0.7990,0.8779,1.1990,0.3211,0.3657,3,0
control,194,1,77.7597,0.7990,0.8779,1.1990,0.3211,0.3657,3,0
control,195,2,35.0000,0.7990,1.3169,1.1990,-0.1179,-0.0895,5,0
control,196,1,47.8549,0.7990,0.8779,1.1990,0.3211,0.3657,2,0
control,197,1,47.8549,0.7990,0.8779,1.1990,0.3211,0.3657,3,0
control,198,6,35.0000,0.7990,6.6667,6.7920,0.1253,0.0188,3,1
control,201,1,63.2400,0.7990,0.8779,1.1990,0.3211,0.3657,3,0
control,202,1,84.9094,0.7990,0.8779,1.1990,0.3211,0.3657,6,0
control,206,3,35.0000,0.7990,1.9753,2.1860,0.2107,0.1067,1,1
control,207,2,47.8549,0.7990,1.3169,1.5290,0.2121,0.1611,3,0
control,208,1,77.2517,0.7990,0.8779,1.1990,0.3211,0.3657,3,0
control,209,1,28.5202,0.7990,0.8779,1.1990,0.3211,0.3657,4,0
control,210,2,47.8549,0.7990,1.3169,1.3640,0.0471,0.0358,4,0
control,211,1,77.2517,0.7990,0.8779,1.1990,0.3211,0.3657,2,0
control,212,1,28.5202,0.7990,0.8779,1.1990,0.3211,0.3657,4,0
control,213,3,73.7299,0.7990,1.9753,1.9980,0.0227,0.0115,1,1
control,215,3,73.7299,0.7990,1.9753,1.9980,0.0227,0.0115,1,1
control,216,2,77.7597,0.7990,1.3169,1.5290,0.2121,0.1611,6,0
control,217,1,59.8239,0.7990,0.8779,1.1990,0.3211,0.3657,2,0
control,218,1,81.0647,0.7990,0.8779,1.1990,0.3211,0.3657,2,0
control,219,2,47.8549,0.7990,1.3169,1.5290,0.2121,0.1611,4,0
control,220,1,77.2517,0.7990,0.8779,1.1990,0.3211,0.3657,6,0
control,221,1,28.5202,0.7990,0.8779,1.1990,0.3211,0.3657,3,0
control,222,6,35.0000,0.7990,6.6667,6.6400,-0.0267,-0.0040,3,1
control,223,5,70.0000,0.7990,4.4444,4.5510,0.1066,0.0240,3,1
control,226,3,73.7299,0.7990,1.9753,2.7970,0.8217,0.4160,1,1
control,227,2,70.0000,0.7990,1.3169,1.5290,0.2121,0.1611,5,0
control,228,1,75.0000,0.7990,0.8779,1.1990,0.3211,0.3657,4,0
control,229,1,35.0000,0.7990,0.8779,1.1990,0.3211,0.3657,3,0
control,230,2,83.2823,0.7990,1.3169,1.3640,0.0471,0.0358,6,0
control,232,1,50.5942,0.7990,0.8779,1.1990,0.3211,0.3657,3,0
control,233,5,70.0000,0.7990,4.4444,3.8820,-0.5624,-0.1266,4,1
control,234,4,35.0000,0.7990,2.9630,2.9260,-0.0370,-0.0125,2,1
control,235,2,47.8549,0.7990,1.3169,1.9980,0.6811,0.5172,1,0
control,236,1,77.2517,0.7990,0.8779,1.1990,0.3211,0.3657,3,0
control,237,1,28.5202,0.7990,0.8779,1.1990,0.3211,0.3657,1,0
control,238,4,35.0000,0.7990,2.9630,3.0490,0.0860,0.0290,1,1
control,239,3,70.0000,0.7990,1.9753,1.9980,0.0227,0.0115,1,1
control,241,3,70.0000,0.7990,1.9753,2.1860,0.2107,0.1067,1,1
control,242,2,35.0000,0.7990,1.3169,1.1990,-0.1179,-0.0895,5,0
control,243,1,47.8549,0.7990,0.8779,1.1990,0.3211,0.3657,2,0
control,245,2,75.0000,0.7990,1.3169,1.1990,-0.1179,-0.0895,6,0
control,246,1,77.7597,0.7990,0.8779,1.1990,0.3211,0.3657,3,0
control,248,3,0.0000,0.7990,1.9753,1.9980,0.0227,0.0115,1,1
control,250,3,0.0000,0.7990,1.9753,2.0920,0.1167,0.0591,2,1
control,254,2,35.0000,0.7990,1.3169,1.5290,0.2121,0.1611,3,0
control,256,1,47.8549,0.7990,0.8779,1.1990,0.3211,0.3657,2,0
control,257,4,75.0000,0.7990,2.9630,2.9260,-0.0370,-0.0125,2,1
control,258,2,77.7597,0.7990,1.3169,1.9980,0.6811,0.5172,1,0
control,259,1,43.3059,0.7990,0.8779,1.1990,0.3211,0.3657,2,0
control,260,1,67.6439,0.7990,0.8779,1.1990,0.3211,0.3657,3,0
control,261,4,75.0000,0.7990,2.9630,2.6590,-0.3040,-0.1026,4,1
control,262,3,40.0000,0.7990,1.9753,1.9980,0.0227,0.0115,1,1
control,264,3,40.0000,0.7990,1.9753,2.1860,0.2107,0.1067,1,1
control,265,2,75.0000,0.7990,1.3169,1.1990,-0.1179,-0.0895,5,0
control,266,1,77.7597,0.7990,0.8779,1.1990,0.3211,0.3657,3,0
control,267,1,77.7597,0.7990,0.8779,1.1990,0.3211,0.3657,3,0
control,268,2,5.0000,0.7990,1.3169,1.5290,0.2121,0.1611,5,0
control,269,1,35.3102,0.7990,0.8779,1.1990,0.3211,0.3657,3,0
control,271,3,70.0000,0.7990,1.9753,1.9980,0.0227,0.0115,1,1
control,273,3,70.0000,0.7990,1.9753,2.1860,0.2107,0.1067,1,1
control,274,2,35.0000,0.7990,1.3169,1.5290,0.2121,0.1611,7,0
control,275,1,47.8549,0.7990,0.8779,1.1990,0.3211,0.3657,2,0
control,276,1,47.8549,0.7990,0.8779,1.1990,0.3211,0.3657,2,0
control,277,2,75.0000,0.7990,1.3169,1.1990,-0.1179,-0.0895,5,0
control,278,1,77.7597,0.7990,0.8779,1.1990,0.3211,0.3657,2,0
control,279,1,77.7597,0.7990,0.8779,1.1990,0.3211,0.3657,4,0
control,280,5,0.0000,0.7990,4.4444,4.4740,0.0296,0.0067,3,1
control,284,2,0.0000,0.7990,1.3169,1.5290,0.2121,0.1611,5,0
control,285,1,35.0000,0.7990,0.8779,1.1990,0.3211,0.3657,3,0
control,286,1,35.0000,0.7990,0.8779,1.1990,0.3211,0.3657,3,0
control,287,2,70.0000,0.7990,1.3169,1.5290,0.2121,0.1611,5,0
control,288,1,73.7299,0.7990,0.8779,1.1990,0.3211,0.3657,1,0
control,289,1,73.7299,0.7990,0.8779,1.1990,0.3211,0.3657,5,0
control,290,5,0.0000,0.7990,4.4444,4.3950,-0.0494,-0.0111,3,1
control,291,4,35.0000,0.7990,2.9630,3.0490,0.0860,0.0290,2,1
control,293,1,28.5202,0.7990,0.8779,1.1990,0.3211,0.3657,3,0
control,295,4,35.0000,0.7990,2.9630,3.1670,0.2040,0.0689,2,1
control,296,3,0.0000,0.7990,1.9753,1.9980,0.0227,0.0115,1,1
control,298,3,0.0000,0.7990,1.9753,2.1860,0.2107,0.1067,1,1
control,299,2,35.0000,0.7990,1.3169,1.5290,0.2121,0.1611,4,0
control,300,1,47.8549,0.7990,0.8779,1.1990,0.3211,0.3657,2,0
control,301,1,47.8549,0.7990,0.8779,1.1990,0.3211,0.3657,2,0
control,302,2,35.0000,0.7990,1.3169,1.5290,0.2121,0.1611,5,0
control,303,1,47.8549,0.7990,0.8779,1.1990,0.3211,0.3657,2,0
control,305,3,70.0000,0.7990,1.9753,1.9980,0.0227,0.0115,1,1
control,309,1,77.7597,0.7990,0.8779,1.1990,0.3211,0.3657,1,0
control,310,1,77.7597,0.7990,0.8779,1.1990,0.3211,0.3657,1,0
control,311,2,35.0000,0.7990,1.3169,1.3640,0.0471,0.0358,2,0
control,314,4,35.0000,0.7990,2.9630,3.0490,0.0860,0.0290,2,1
control,316,1,77.2517,0.7990,0.8779,1.1990,0.3211,0.3657,3,0
control,317,1,28.5202,0.7990,0.8779,1.1990,0.3211,0.3657,2,0
control,318,4,35.0000,0.7990,2.9630,2.9230,-0.0400,-0.0135,2,1
control,319,3,70.0000,0.7990,1.9753,1.9980,0.0227,0.0115,1,1
control,321,3,70.0000,0.7990,1.9753,2.1860,0.2107,0.1067,1,1
control,322,2,35.0000,0.7990,1.3169,1.5290,0.2121,0.1611,5,0
control,323,1,47.8549,0.7990,0.8779,1.1990,0.3211,0.3657,3,0
control,324,1,47.8549,0.7990,0.8779,1.1990,0.3211,0.3657,2,0
control,325,2,75.0000,0.7990,1.3169,1.5290,0.2121,0.1611,3,0
control,328,3,0.0000,0.7990,1.9753,1.9980,0.0227,0.0115,1,1
control,329,1,35.0000,0.7990,0.8779,1.9980,1.1201,1.2758,1,0
control,330,3,0.0000,0.7990,1.9753,1.9980,0.0227,0.0115,1,1
control,331,2,35.0000,0.7990,1.3169,1.5290,0.2121,0.1611,5,0
control,332,1,47.8549,0.7990,0.8779,1.1990,0.3211,0.3657,2,0
control,333,1,47.8549,0.7990,0.8779,1.1990,0.3211,0.3657,2,0
control,334,2,35.0000,0.7990,1.3169,1.1990,-0.1179,-0.0895,5,0
control,336,1,47.8549,0.7990,0.8779,1.1990,0.3211,0.3657,1,0
