ratio,spacing_mm,imposed,truth,held_rd,held_rl,side_branches,recovered,sd,se,mean_low,mean_high,n_repeats,fit_ci_low,fit_ci_high,r2,bias,bias_low,bias_high,order_min,order_max,n_orders,orders_expected,reliable,dropped_for
R_d,1.19/0.80/1.31,1.3,1.2995904244553103,1.3,1.49,0,1.31231,0.050833725681545955,0.01607503551058804,1.2885419999698529,1.3358400520915705,10,1.2558199999999997,1.37273,0.9923300000000002,0.00969582519098854,-0.008501466521722158,0.027893116903699236,1,5,5,5,True,
R_d,1.19/0.80/1.31,1.45,1.4495431657386153,1.45,1.49,0,1.44663,0.04948676703029927,0.015649089785387246,1.4277781247102657,1.4652635167111612,10,1.36532,1.53528,0.9917999999999999,-0.0020850327878037533,-0.015015103753229274,0.010845038177621768,1,5,5,5,True,
R_d,1.19/0.80/1.31,1.56,1.5595085093463723,1.56,1.49,0,1.56264,0.04061015745954314,0.012842059371023354,1.5567259832425997,1.5685978597479397,10,1.49833,1.63021,0.99688,0.002022055109028531,-0.001784232716331261,0.005828342934388323,1,5,5,5,True,
R_d,1.19/0.80/1.31,1.7,1.6994644012107902,1.7,1.49,0,1.7078099999999998,0.04812002239770421,0.015216887183506207,1.7038193775832953,1.711635188988252,10,1.64222,1.7765700000000002,0.9981200000000001,0.00486205069614668,0.0025625581620905722,0.007161543230202788,1,5,5,5,True,
R_d,1.19/0.80/1.31,1.85,1.849417142494095,1.85,1.49,0,1.85213,0.052482484908988644,0.016596418957781887,1.8467836672911568,1.8573001225990928,10,1.7791299999999999,1.9284,0.99863,0.0014192322492967535,-0.001423948736295755,0.004262413234889262,1,5,5,5,True,
R_l,1.19/0.80/1.31,1.05,1.0444613545332824,1.56,1.05,0,1.0652533333333334,0.12317922947767065,0.022489347533675173,1.0185885466826128,1.1127775792707433,30,0.9563266666666667,1.25965,0.5508066666666666,0.02031832805616677,-0.024771436241631847,0.06540809235396539,1,5,5,5,True,
R_l,1.19/0.80/1.31,1.15,1.143933864488833,1.56,1.15,0,1.2034699999999998,0.21421771257137062,0.0391106244641659,1.1225075489925318,1.286464877090185,30,1.0054766666666666,1.62755,0.8213266666666666,0.05293343473102203,-0.018730379580008,0.12459724904205205,1,5,5,5,True,
R_l,1.19/0.80/1.31,1.3,1.2931426294221593,1.56,1.3,0,1.3036666666666668,0.06252379592979992,0.01141523113720037,1.2868746824045127,1.3200271740721727,30,1.1743499999999998,1.4759900000000001,0.9317833333333334,0.00797150954708656,-0.0048470654938097164,0.020790084587982836,1,5,5,5,True,
R_l,1.19/0.80/1.31,1.49,1.4821403983377053,1.56,1.49,0,1.5094200000000002,0.06636897073077198,0.012117260795881315,1.4950891388516625,1.5228469284357427,30,1.3692966666666666,1.6705866666666662,0.9679800000000001,0.018100603246551984,0.008736514117339887,0.02746469237576408,1,5,5,5,True,
R_l,1.19/0.80/1.31,1.65,1.6412964142665862,1.56,1.65,0,1.7995999999999996,0.3036838181057897,0.0554448258419456,1.6881323877717536,1.9095944566650906,30,1.4600700000000002,2.3603133333333326,0.9690599999999999,0.0960015549794793,0.0285359628511076,0.163467147107851,1,5,5,5,True,
R_l,1.19/0.80/1.31,1.8,1.7905051791999123,1.56,1.8,0,1.7995533333333331,0.18775871297718935,0.03427989415524819,1.7320660541101418,1.8655264216485656,30,1.3414633333333335,2.6002633333333334,0.9368566666666667,0.004630569503935315,-0.03263834462399262,0.04189948363186326,1,4,4,5,True,
R_b,1.19/0.80/1.31,2.0000000000000004,2.0000000000000004,1.56,1.49,0,1.9981633333333335,0.009470297789926401,0.001729031908611337,1.994627066021648,2.0016996006450185,30,1.9842666666666666,2.0129133333333336,0.9997199999999999,-0.0009183333333335541,-0.002686466989176149,0.0008498003225090408,1,5,5,5,True,
R_b,1.19/0.80/1.31,2.3458202157571426,2.3458202157571426,1.56,1.49,1,2.34247,0.12506053747878565,0.02283282581028372,2.2957716278391556,2.3891683721608454,30,1.7766333333333333,3.1848899999999998,0.9595433333333332,-0.0014281639038824327,-0.02133521894892239,0.018478891141157524,1,5,5,5,True,
R_b,1.19/0.80/1.31,2.624215727565684,2.624215727565684,1.56,1.49,2,2.5659566666666667,0.1978350892542318,0.036119580350196884,2.49208383027305,2.6398295030602834,30,2.0964566666666666,3.221996666666666,0.9849933333333334,-0.02220056083310673,-0.0503510042656456,0.005949882599432139,1,5,5,5,True,
R_b,1.19/0.80/1.31,2.8646130562189547,2.8646130562189547,1.56,1.49,3,2.7035333333333336,0.19902171486675957,0.03633622755529516,2.629217403653965,2.777849263012703,30,1.9842666666666664,3.774713333333333,0.9647100000000001,-0.05623088344721574,-0.08217362971726855,-0.030288137177162933,1,5,5,5,True,
R_b,1.19/0.80/1.31,3.079896498117632,3.079896498117632,1.56,1.49,4,2.8916633333333333,0.21599827183748857,0.03943570862250845,2.8110082531000717,2.9723184135665965,30,2.2704766666666667,3.7936399999999995,0.98143,-0.06111671768818925,-0.08730431207084374,-0.03492912330553476,1,5,5,5,True,
R_b,1.19/0.80/1.31,3.277004806094654,3.277004806094654,1.56,1.49,5,2.918386666666666,0.14552053234280493,0.026568292714771454,2.8640484068655576,2.9727249264677753,30,2.2567133333333333,3.8740433333333324,0.9760966666666667,-0.10943473099612819,-0.12601641549657486,-0.09285304649568152,1,5,5,5,True,
R_b,1.19/0.80/1.31,3.4601612268689763,3.4601612268689763,1.56,1.49,6,3.0372966666666668,0.15677519042671686,0.028623102751293598,2.978755848469911,3.0958374848634223,30,2.52252,3.7153466666666666,0.98794,-0.12220949616990841,-0.1391280194289324,-0.1052909729108844,1,5,5,5,True,
R_d,0.80,1.3,1.2995904244553103,1.3,1.49,0,1.2692700000000001,0.04365017627557636,0.01380339772986669,1.2422044506415928,1.2967855866065794,10,1.2012,1.3434399999999997,0.9874199999999999,-0.02315760817015706,-0.04415696879097074,-0.0021582475493433853,1,5,5,5,True,
R_d,0.80,1.45,1.4495431657386153,1.45,1.49,0,1.41292,0.03571849194278322,0.011295178912556762,1.4067932863916344,1.4191375891458775,10,1.3598299999999999,1.4686400000000002,0.9954500000000002,-0.02523396945631571,-0.029491967095162608,-0.02097597181746881,1,5,5,5,True,
R_d,0.80,1.56,1.5595085093463723,1.56,1.49,0,1.5240999999999998,0.09945023322692054,0.031448925083202586,1.4490764815946242,1.600936262125891,10,1.4200699999999997,1.63962,0.9933500000000001,-0.022123725057823184,-0.07081207129676574,0.02656462118111937,1,5,5,5,True,
R_d,0.80,1.7,1.6994644012107902,1.7,1.49,0,1.63887,0.0824569928306064,0.02607519063528908,1.575129931636415,1.7044024255500556,10,1.50634,1.7913800000000002,0.9933400000000001,-0.03512766879672371,-0.07316097323709322,0.002905635643645814,1,5,5,5,True,
R_d,0.80,1.85,1.8494171424940955,1.85,1.49,0,1.7642599999999997,0.09762975639288123,0.03087323976088893,1.7126414550517681,1.8146340433822352,10,1.6504199999999998,1.89319,0.99488,-0.04638185258811491,-0.07395610449348045,-0.01880760068274937,1,5,5,5,True,
R_l,0.80,1.05,1.0428543647320496,1.56,1.05,0,1.1688100000000001,0.2723004935320129,0.08610897675491086,0.9730364224630564,1.3656120055076602,10,0.87165,2.0259400000000003,0.53346,0.1212727812534052,-0.06694889011365669,0.3094944526204671,1,5,5,5,False,
R_l,0.80,1.15,1.142173828039864,1.56,1.15,0,1.2805199999999999,0.29859866338913466,0.09442518825915983,1.073796094422984,1.4839308007466028,10,0.9700200000000001,2.01343,0.8182500000000001,0.11967497082253127,-0.05986631100996771,0.29921625265503027,1,5,5,5,False,
R_l,0.80,1.3,1.2911530230015853,1.56,1.3,0,1.4088699999999998,0.3186487514141202,0.10076558280374195,1.1793051510250485,1.6398756795008824,10,1.02727,2.2064500000000002,0.81103,0.09172994226977442,-0.08662634868523976,0.2700862332247886,1,5,5,5,False,
R_l,0.80,1.49,1.4798600032864322,1.56,1.49,0,1.7356200000000002,0.36301101850433626,0.11479416342112327,1.4747588538836784,1.9978035026593794,10,1.29076,2.57735,0.9504300000000001,0.1732739410590487,-0.0034470486339418793,0.34999493075203925,1,5,5,5,True,
R_l,0.80,1.65,1.638771144578935,1.56,1.65,0,1.62527,0.17381965781937453,0.054966602082032,1.5184323491448048,1.7281536144022995,10,1.1573900000000001,2.32198,0.93834,-0.009444981293809463,-0.07343233729261815,0.05454237470499922,1,4,4,5,True,
R_l,0.80,1.8,1.7877503395406567,1.56,1.8,0,1.74545,0.36874875291691195,0.11660859435641001,1.4734726455474723,2.021043789760381,10,1.22349,41.047090000000004,0.9700999999999999,-0.02264976321980966,-0.17579506883155438,0.13049554239193506,1,4,4,5,True,
R_b,0.80,2.0000000000000004,2.0000000000000004,1.56,1.49,0,2.16803,0.24565444587423566,0.07768275663091377,1.9922993956614687,2.3437606043385313,10,1.9317999999999997,2.4601800000000003,0.99649,0.08401499999999976,-0.003850302169265893,0.17188030216926542,1,5,5,5,True,
R_b,0.80,2.3458202157571426,2.3458202157571426,1.56,1.49,1,2.2768699999999997,0.2265508235841721,0.0716416608312975,2.114805303795721,2.43893469620428,10,1.8681,2.82441,0.97532,-0.02939279629956103,-0.098479376385994,0.03969378378687194,1,5,5,5,True,
R_b,0.80,2.624215727565684,2.624215727565684,1.56,1.49,2,2.65538,0.2682134216543898,0.08481653114549988,2.4635116765455103,2.8472483234544894,10,1.96143,3.744210000000001,0.9751999999999998,0.011875651878370908,-0.061238887234796216,0.08499019099153803,1,5,5,5,True,
R_b,0.80,2.864613056218954,2.864613056218954,1.56,1.49,3,2.71551,0.3284626765538041,0.10386901842652069,2.4805419559736275,2.9504780440263723,10,1.8988800000000001,4.846400000000001,0.97829,-0.052049981373664886,-0.13407433838630461,0.029974375638974857,1,5,5,5,True,
R_b,0.80,3.0798964981176313,3.0798964981176313,1.56,1.49,4,2.9444299999999997,0.3291770076012802,0.10409490973786051,2.7089509543256662,3.1799090456743335,10,1.9282400000000002,4.57825,0.95688,-0.04398410732322524,-0.12044091222503076,0.03247269757858027,1,5,5,5,True,
R_b,0.80,3.2770048060946544,3.2770048060946544,1.56,1.49,5,2.9338,0.3515320089740525,0.11116418188127565,2.68232914971067,3.18527085028933,10,2.1624899999999996,4.0942099999999995,0.97022,-0.10473124893083881,-0.1814692658607006,-0.027993232000977003,1,5,5,5,True,
R_b,0.80,3.4601612268689763,3.4601612268689763,1.56,1.49,6,3.05422,0.3975549544123149,0.1257179151027322,2.7698263178582976,3.3386136821417023,10,2.1673400000000003,4.57067,0.96871,-0.11731858727181436,-0.19950946321520036,-0.035127711328428374,1,5,5,5,True,
R_d,1.31,1.3,1.2995904244553103,1.3,1.49,0,1.26669,0.03706877841706323,0.011722176987801081,1.2538524051609328,1.27955195347892,10,1.17924,1.3661000000000003,0.97674,-0.02530662316103798,-0.035194179976778005,-0.015419066345297954,1,5,5,5,True,
R_d,1.31,1.45,1.4495431657386153,1.45,1.49,0,1.41259,0.03266498124903793,0.010329574047365165,1.4048350619715844,1.4205958725952754,10,1.3572600000000001,1.47082,0.99509,-0.025406417225540046,-0.03084289231514525,-0.01996994213593484,1,5,5,5,True,
R_d,1.31,1.56,1.5595085093463723,1.56,1.49,0,1.4995800000000001,0.03277033889222256,0.01036289105950224,1.4662777216866014,1.5345771876437082,10,1.42818,1.5761200000000002,0.9956300000000002,-0.03788440673913326,-0.059782160277436394,-0.01598665320083012,1,5,5,5,True,
R_d,1.31,1.7,1.6994644012107902,1.7,1.49,0,1.61844,0.05604665120336012,0.01772350730276349,1.5737209858134473,1.6646760734576607,10,1.51426,1.7364799999999998,0.9937400000000001,-0.04723009879939263,-0.07399002609749071,-0.020470171501294543,1,5,5,5,True,
R_d,1.31,1.85,1.849417142494095,1.85,1.49,0,1.7738900000000002,0.08622420967067967,0.027266489200726465,1.7335967782703436,1.8129874611259107,10,1.7068999999999999,1.84455,0.99832,-0.04116162927597115,-0.06262533290221259,-0.019697925649729702,1,5,5,5,True,
R_l,1.31,1.05,1.0428543647320496,1.56,1.05,0,1.1714600000000002,0.28076211441162946,0.08878477622255344,0.9694734714220516,1.3744873909389528,10,0.87164,2.03586,0.56113,0.1238198456230561,-0.07036542761064475,0.318005118856757,1,5,5,5,False,
R_l,1.31,1.15,1.142173828039864,1.56,1.15,0,1.1974600000000002,0.22843975232967761,0.0722389925486537,1.031430776217271,1.3646513283406847,10,0.98315,1.6357100000000002,0.77184,0.04891306635434837,-0.096958141662766,0.19478427437146273,1,5,5,5,False,
R_l,1.31,1.3,1.2911530230015855,1.56,1.3,0,1.4453900000000002,0.283125266543902,0.08953207054209991,1.2307237261710948,1.6665725610368376,10,1.11134,2.14242,0.93212,0.12198021287689556,-0.04680258323681005,0.29076300899060115,1,5,5,5,True,
R_l,1.31,1.49,1.4798600032864322,1.56,1.49,0,1.6180499999999998,0.249530417874143,0.07890844659758829,1.4187723867045725,1.8251516599724076,10,1.3114199999999998,2.1226700000000003,0.9611799999999999,0.09602396154803938,-0.04127932131836662,0.23332724441444538,1,5,5,5,True,
R_l,1.31,1.65,1.638771144578935,1.56,1.65,0,1.9353500000000001,0.5132845047123259,0.16231481225623792,1.575123709159379,2.2904917454481497,10,1.20889,102.96417,0.9476199999999999,0.1794250427812964,-0.038838513620466225,0.397688599183059,1,4,4,5,True,
R_l,1.31,1.8,1.7877503395406567,1.56,1.8,0,1.82756,0.5031001230150692,0.15909422798385167,1.4578538735468156,2.2020234348890195,10,1.22833,333.20610999999997,0.9656100000000001,0.023598549385872702,-0.18453161982260025,0.23172871859434563,1,4,4,5,True,
R_b,1.31,2.0000000000000004,2.0000000000000004,1.56,1.49,0,2.04526,0.14312468689922084,0.045259999999999995,1.9428747668117532,2.1476452331882467,10,1.99401,2.11005,0.9992699999999999,0.022629999999999772,-0.028562616594123593,0.07382261659412313,1,5,5,5,True,
R_b,1.31,2.3458202157571426,2.3458202157571426,1.56,1.49,1,2.3486599999999997,0.18607643710165028,0.058842536013027524,2.215548935680919,2.481771064319082,10,1.8377199999999998,3.07496,0.97211,0.0012105719883317545,-0.05553336065619032,0.057954504632853836,1,5,5,5,True,
R_b,1.31,2.624215727565684,2.624215727565684,1.56,1.49,2,2.66166,0.2758750047072446,0.08723933643845659,2.464310910197983,2.859009089802017,10,1.94371,3.83074,0.97407,0.014268747817105154,-0.06093432627813516,0.08947182191234547,1,5,5,5,True,
R_b,1.31,2.864613056218954,2.864613056218954,1.56,1.49,3,2.73498,0.3151112248080033,0.09964691866786447,2.5095630091847205,2.9603969908152794,10,2.03217,6.827539999999999,0.9886799999999999,-0.04525325189645631,-0.12394345765597728,0.03343695386306466,1,5,5,5,True,
R_b,1.31,3.0798964981176313,3.0798964981176313,1.56,1.49,4,2.85948,0.20296093110634758,0.06418188183245764,2.714290496290838,3.0046695037091617,10,2.0529200000000003,4.084560000000001,0.96419,-0.07156620303712977,-0.11870723644455072,-0.024425169629708816,1,5,5,5,True,
R_b,1.31,3.2770048060946544,3.2770048060946544,1.56,1.49,5,2.86822,0.20015529415375902,0.06329466152668627,2.725037528060519,3.0114024719394816,10,2.0757000000000003,4.05394,0.9662000000000001,-0.12474342586693385,-0.16843651770286494,-0.08105033403100276,1,5,5,5,True,
R_b,1.31,3.4601612268689763,3.4601612268689763,1.56,1.49,6,3.13222,0.5969656044437476,0.1887770994821376,2.705176532234213,3.559263467765787,10,2.12533,4.87729,0.9672799999999999,-0.09477628508245065,-0.21819350172822213,0.028640931563320843,1,5,5,5,True,
